<?xml version="1.0" standalone="yes"?>
<library-reference><header name="boost/algorithm/all.hpp"><para>Test ranges against predicates. </para><para><para>Marshall Clow </para>
</para><namespace name="boost"><namespace name="algorithm"><function name="all_of"><type>bool</type><template>
          <template-type-parameter name="I"/>
          <template-type-parameter name="V"/>
        </template><parameter name="first"><paramtype>I</paramtype><description><para>The start of the input sequence </para></description></parameter><parameter name="last"><paramtype>I</paramtype><description><para>One past the end of the input sequence </para></description></parameter><parameter name="val"><paramtype>const V &amp;</paramtype><description><para>A value to compare against </para></description></parameter><purpose>Returns true if all elements in [first, last) are equal to 'val'. </purpose><description><para>
</para></description></function><function name="all_of"><type>bool</type><template>
          <template-type-parameter name="R"/>
          <template-type-parameter name="V"/>
        </template><parameter name="range"><paramtype>const R &amp;</paramtype><description><para>The input range </para></description></parameter><parameter name="val"><paramtype>const V &amp;</paramtype><description><para>A value to compare against </para></description></parameter><purpose>Returns true if all elements in the range are equal to 'val'. </purpose><description><para>
</para></description></function><function name="all_of_if"><type>bool</type><template>
          <template-type-parameter name="I"/>
          <template-type-parameter name="Pred"/>
        </template><parameter name="first"><paramtype>I</paramtype><description><para>The start of the input sequence </para></description></parameter><parameter name="last"><paramtype>I</paramtype><description><para>One past the end of the input sequence </para></description></parameter><parameter name="p"><paramtype>Pred</paramtype><description><para>A predicate </para></description></parameter><purpose>Returns true if all elements in [first, last) satisfy the predicate. </purpose><description><para>
</para></description></function><function name="all_of_if"><type>bool</type><template>
          <template-type-parameter name="R"/>
          <template-type-parameter name="Pred"/>
        </template><parameter name="range"><paramtype>const R &amp;</paramtype><description><para>The input range </para></description></parameter><parameter name="p"><paramtype>Pred</paramtype><description><para>A predicate to test the elements </para></description></parameter><purpose>Returns true if all elements in the range satisfy the predicate. </purpose><description><para>
</para></description></function><function name="none_of"><type>bool</type><template>
          <template-type-parameter name="I"/>
          <template-type-parameter name="V"/>
        </template><parameter name="first"><paramtype>I</paramtype><description><para>The start of the input sequence </para></description></parameter><parameter name="last"><paramtype>I</paramtype><description><para>One past the end of the input sequence </para></description></parameter><parameter name="val"><paramtype>const V &amp;</paramtype><description><para>A value to compare against </para></description></parameter><purpose>Returns true if none of the elements in [first, last) are equal to 'val'. </purpose><description><para>
</para></description></function><function name="none_of"><type>bool</type><template>
          <template-type-parameter name="R"/>
          <template-type-parameter name="V"/>
        </template><parameter name="range"><paramtype>const R &amp;</paramtype><description><para>The input range </para></description></parameter><parameter name="val"><paramtype>const V &amp;</paramtype><description><para>A value to compare against </para></description></parameter><purpose>Returns true if none of the elements in the range are equal to 'val'. </purpose><description><para>
</para></description></function><function name="none_of_if"><type>bool</type><template>
          <template-type-parameter name="I"/>
          <template-type-parameter name="Pred"/>
        </template><parameter name="first"><paramtype>I</paramtype><description><para>The start of the input sequence </para></description></parameter><parameter name="last"><paramtype>I</paramtype><description><para>One past the end of the input sequence </para></description></parameter><parameter name="p"><paramtype>Pred</paramtype><description><para>A predicate </para></description></parameter><purpose>Returns true if none of the elements in [first, last) satisfy the predicate. </purpose><description><para>
</para></description></function><function name="none_of_if"><type>bool</type><template>
          <template-type-parameter name="R"/>
          <template-type-parameter name="Pred"/>
        </template><parameter name="range"><paramtype>const R &amp;</paramtype><description><para>The input range </para></description></parameter><parameter name="p"><paramtype>Pred</paramtype><description><para>A predicate to test the elements </para></description></parameter><purpose>Returns true if none of the elements in the range satisfy the predicate. </purpose><description><para>
</para></description></function><function name="any_of"><type>bool</type><template>
          <template-type-parameter name="I"/>
          <template-type-parameter name="V"/>
        </template><parameter name="first"><paramtype>I</paramtype><description><para>The start of the input sequence </para></description></parameter><parameter name="last"><paramtype>I</paramtype><description><para>One past the end of the input sequence </para></description></parameter><parameter name="val"><paramtype>const V &amp;</paramtype><description><para>A value to compare against </para></description></parameter><purpose>Returns true if any of the elements in [first, last) are equal to 'val'. </purpose><description><para>
</para></description></function><function name="any_of"><type>bool</type><template>
          <template-type-parameter name="R"/>
          <template-type-parameter name="V"/>
        </template><parameter name="range"><paramtype>const R &amp;</paramtype><description><para>The input range </para></description></parameter><parameter name="val"><paramtype>const V &amp;</paramtype><description><para>A value to compare against </para></description></parameter><purpose>Returns true if any of the elements in the range are equal to 'val'. </purpose><description><para>
</para></description></function><function name="any_of_if"><type>bool</type><template>
          <template-type-parameter name="I"/>
          <template-type-parameter name="Pred"/>
        </template><parameter name="first"><paramtype>I</paramtype><description><para>The start of the input sequence </para></description></parameter><parameter name="last"><paramtype>I</paramtype><description><para>One past the end of the input sequence </para></description></parameter><parameter name="p"><paramtype>Pred</paramtype><description><para>A predicate </para></description></parameter><purpose>Returns true if any of the elements in [first, last) satisfy the predicate. </purpose><description><para>
</para></description></function><function name="any_of_if"><type>bool</type><template>
          <template-type-parameter name="R"/>
          <template-type-parameter name="Pred"/>
        </template><parameter name="range"><paramtype>const R &amp;</paramtype><description><para>The input range </para></description></parameter><parameter name="p"><paramtype>Pred</paramtype><description><para>A predicate to test the elements </para></description></parameter><purpose>Returns true if any elements in the range satisfy the predicate. </purpose><description><para>
</para></description></function><function name="one_of"><type>bool</type><template>
          <template-type-parameter name="I"/>
          <template-type-parameter name="V"/>
        </template><parameter name="first"><paramtype>I</paramtype><description><para>The start of the input sequence </para></description></parameter><parameter name="last"><paramtype>I</paramtype><description><para>One past the end of the input sequence </para></description></parameter><parameter name="val"><paramtype>const V &amp;</paramtype><description><para>A value to compare against </para></description></parameter><purpose>Returns true if the value 'val' exists only once in [first, last). </purpose><description><para>
</para></description></function><function name="one_of"><type>bool</type><template>
          <template-type-parameter name="R"/>
          <template-type-parameter name="V"/>
        </template><parameter name="range"><paramtype>const R &amp;</paramtype><description><para>The input range </para></description></parameter><parameter name="val"><paramtype>const V &amp;</paramtype><description><para>A value to compare against </para></description></parameter><purpose>Returns true if the value 'val' exists only once in the range. </purpose><description><para>
</para></description></function><function name="one_of_if"><type>bool</type><template>
          <template-type-parameter name="I"/>
          <template-type-parameter name="Pred"/>
        </template><parameter name="first"><paramtype>I</paramtype><description><para>The start of the input sequence </para></description></parameter><parameter name="last"><paramtype>I</paramtype><description><para>One past the end of the input sequence </para></description></parameter><parameter name="p"><paramtype>Pred</paramtype><description><para>A predicate to test the elements </para></description></parameter><purpose>Returns true if the predicate 'p' is true for exactly one item in [first, last). </purpose><description><para>
</para></description></function><function name="one_of_if"><type>bool</type><template>
          <template-type-parameter name="R"/>
          <template-type-parameter name="Pred"/>
        </template><parameter name="range"><paramtype>const R &amp;</paramtype><description><para>The input range </para></description></parameter><parameter name="p"><paramtype>Pred</paramtype><description><para>A predicate to test the elements </para></description></parameter><purpose>Returns true if the predicate 'p' is true for exactly one item in the range. </purpose><description><para>
</para></description></function></namespace></namespace></header><header name="boost/algorithm/clamp.hpp"><para>Clamp algorithm. </para><para><para>Marshall Clow</para>
Suggested by olafvdspek in <ulink url="https://svn.boost.org/trac/boost/ticket/3215">https://svn.boost.org/trac/boost/ticket/3215</ulink> </para><namespace name="boost"><namespace name="algorithm"><function name="clamp"><type>V</type><template>
          <template-type-parameter name="V"/>
          <template-type-parameter name="Pred"/>
        </template><parameter name="val"><paramtype>V</paramtype><description><para>The value to be clamped </para></description></parameter><parameter name="lo"><paramtype>V</paramtype><description><para>The "low point" of the range to be clamped to </para></description></parameter><parameter name="hi"><paramtype>V</paramtype><description><para>The "high point" of the range to be clamped to </para></description></parameter><parameter name="p"><paramtype>Pred</paramtype><description><para>A predicate to use to compare the values. p ( a, b ) returns a boolean. </para></description></parameter><purpose>Returns the value "val" brought into the range [ lo, hi ] using the comparison predicate p. If p ( val, lo ) return lo. If p ( hi, val ) return hi. Otherwise, return the original value. </purpose><description><para>
</para></description></function><function name="clamp"><type>V</type><template>
          <template-type-parameter name="V"/>
        </template><parameter name="val"><paramtype>V</paramtype><description><para>The value to be clamped </para></description></parameter><parameter name="lo"><paramtype>V</paramtype><description><para>The low point of the range to be clamped to </para></description></parameter><parameter name="hi"><paramtype>V</paramtype><description><para>The high point of the range to be clamped to </para></description></parameter><purpose>Returns the value "val" brought into the range [ lo, hi ]. If the value is less than lo, return lo. If the value is greater than "hi", return hi. Otherwise, return the original value. </purpose><description><para>
</para></description></function></namespace></namespace></header><header name="boost/algorithm/ordered.hpp"><namespace name="boost"><namespace name="algorithm"><function name="is_ordered"><type>FI</type><template>
          <template-type-parameter name="FI"/>
          <template-type-parameter name="Pred"/>
        </template><parameter name="first"><paramtype>FI</paramtype></parameter><parameter name="last"><paramtype>FI</paramtype></parameter><parameter name="p"><paramtype>Pred</paramtype></parameter></function><function name="is_ordered"><type>boost::range_const_iterator&lt; R &gt;::type</type><template>
          <template-type-parameter name="R"/>
          <template-type-parameter name="Pred"/>
        </template><parameter name="range"><paramtype>const R &amp;</paramtype></parameter><parameter name="p"><paramtype>Pred</paramtype></parameter></function><function name="is_increasing"><type>bool</type><template>
          <template-type-parameter name="FI"/>
        </template><parameter name="first"><paramtype>FI</paramtype></parameter><parameter name="last"><paramtype>FI</paramtype></parameter></function><function name="is_increasing"><type>bool</type><template>
          <template-type-parameter name="R"/>
        </template><parameter name="range"><paramtype>const R &amp;</paramtype></parameter></function><function name="is_decreasing"><type>bool</type><template>
          <template-type-parameter name="FI"/>
        </template><parameter name="first"><paramtype>FI</paramtype></parameter><parameter name="last"><paramtype>FI</paramtype></parameter></function><function name="is_decreasing"><type>bool</type><template>
          <template-type-parameter name="R"/>
        </template><parameter name="range"><paramtype>const R &amp;</paramtype></parameter></function><function name="is_strictly_increasing"><type>bool</type><template>
          <template-type-parameter name="FI"/>
        </template><parameter name="first"><paramtype>FI</paramtype></parameter><parameter name="last"><paramtype>FI</paramtype></parameter></function><function name="is_strictly_increasing"><type>bool</type><template>
          <template-type-parameter name="R"/>
        </template><parameter name="range"><paramtype>const R &amp;</paramtype></parameter></function><function name="is_strictly_decreasing"><type>bool</type><template>
          <template-type-parameter name="FI"/>
        </template><parameter name="first"><paramtype>FI</paramtype></parameter><parameter name="last"><paramtype>FI</paramtype></parameter></function><function name="is_strictly_decreasing"><type>bool</type><template>
          <template-type-parameter name="R"/>
        </template><parameter name="range"><paramtype>const R &amp;</paramtype></parameter></function></namespace></namespace></header><header name="boost/algorithm/search.hpp"><namespace name="boost"><namespace name="algorithm"><class name="boyer_moore"><template>
      <template-type-parameter name="patIter"/>
      <template-type-parameter name="traits"><default><classname alt="boost::algorithm::detail::BM_traits">detail::BM_traits</classname>&lt;patIter&gt;</default></template-type-parameter>
    </template><method-group name="public member functions"><method name="operator()" cv=""><type>corpusIter</type><template>
          <template-type-parameter name="corpusIter"/>
          <template-type-parameter name="Pred"/>
        </template><parameter name="corpus_first"><paramtype>corpusIter</paramtype></parameter><parameter name="corpus_last"><paramtype>corpusIter</paramtype></parameter><parameter name="p"><paramtype>Pred</paramtype></parameter></method><method name="operator()" cv=""><type>corpusIter</type><template>
          <template-type-parameter name="corpusIter"/>
        </template><parameter name="corpus_first"><paramtype>corpusIter</paramtype></parameter><parameter name="corpus_last"><paramtype>corpusIter</paramtype></parameter></method></method-group><constructor><parameter name="first"><paramtype>patIter</paramtype></parameter><parameter name="last"><paramtype>patIter</paramtype></parameter></constructor><destructor/><method-group name="private member functions"><method name="compute_bm_prefix" cv=""><type>void</type><template>
          <template-type-parameter name="Iter"/>
          <template-type-parameter name="Container"/>
        </template><parameter name="pat_first"><paramtype>Iter</paramtype></parameter><parameter name="pat_last"><paramtype>Iter</paramtype></parameter><parameter name="prefix"><paramtype>Container &amp;</paramtype></parameter></method><method name="create_suffix_table" cv=""><type>void</type><parameter name="pat_first"><paramtype>patIter</paramtype></parameter><parameter name="pat_last"><paramtype>patIter</paramtype></parameter></method></method-group></class><class name="boyer_moore_horspool"><template>
      <template-type-parameter name="patIter"/>
      <template-type-parameter name="traits"><default><classname alt="boost::algorithm::detail::BM_traits">detail::BM_traits</classname>&lt;patIter&gt;</default></template-type-parameter>
    </template><method-group name="public member functions"><method name="operator()" cv=""><type>corpusIter</type><template>
          <template-type-parameter name="corpusIter"/>
          <template-type-parameter name="Pred"/>
        </template><parameter name="corpus_first"><paramtype>corpusIter</paramtype></parameter><parameter name="corpus_last"><paramtype>corpusIter</paramtype></parameter><parameter name="p"><paramtype>Pred</paramtype></parameter></method><method name="operator()" cv=""><type>corpusIter</type><template>
          <template-type-parameter name="corpusIter"/>
        </template><parameter name="corpus_first"><paramtype>corpusIter</paramtype></parameter><parameter name="corpus_last"><paramtype>corpusIter</paramtype></parameter></method></method-group><constructor><parameter name="first"><paramtype>patIter</paramtype></parameter><parameter name="last"><paramtype>patIter</paramtype></parameter></constructor><destructor/></class><class name="knuth_morris_pratt"><template>
      <template-type-parameter name="patIter"/>
    </template><method-group name="public member functions"><method name="operator()" cv=""><type>corpusIter</type><template>
          <template-type-parameter name="corpusIter"/>
          <template-type-parameter name="Pred"/>
        </template><parameter name="corpus_first"><paramtype>corpusIter</paramtype></parameter><parameter name="corpus_last"><paramtype>corpusIter</paramtype></parameter><parameter name="p"><paramtype>Pred</paramtype></parameter></method><method name="operator()" cv=""><type>corpusIter</type><template>
          <template-type-parameter name="corpusIter"/>
        </template><parameter name="corpus_first"><paramtype>corpusIter</paramtype></parameter><parameter name="corpus_last"><paramtype>corpusIter</paramtype></parameter></method></method-group><constructor><parameter name="first"><paramtype>patIter</paramtype></parameter><parameter name="last"><paramtype>patIter</paramtype></parameter></constructor><destructor/><method-group name="private member functions"><method name="init_skip_table" cv=""><type>void</type><parameter name="first"><paramtype>patIter</paramtype></parameter><parameter name="last"><paramtype>patIter</paramtype></parameter></method></method-group></class><function name="boyer_moore_search"><type>corpusIter</type><template>
          <template-type-parameter name="patIter"/>
          <template-type-parameter name="corpusIter"/>
          <template-type-parameter name="Pred"/>
        </template><parameter name="corpus_first"><paramtype>corpusIter</paramtype></parameter><parameter name="corpus_last"><paramtype>corpusIter</paramtype></parameter><parameter name="pat_first"><paramtype>patIter</paramtype></parameter><parameter name="pat_last"><paramtype>patIter</paramtype></parameter><parameter name="p"><paramtype>Pred</paramtype></parameter></function><function name="boyer_moore_search"><type>corpusIter</type><template>
          <template-type-parameter name="patIter"/>
          <template-type-parameter name="corpusIter"/>
        </template><parameter name="corpus_first"><paramtype>corpusIter</paramtype></parameter><parameter name="corpus_last"><paramtype>corpusIter</paramtype></parameter><parameter name="pat_first"><paramtype>patIter</paramtype></parameter><parameter name="pat_last"><paramtype>patIter</paramtype></parameter></function><function name="boyer_moore_horspool_search"><type>corpusIter</type><template>
          <template-type-parameter name="patIter"/>
          <template-type-parameter name="corpusIter"/>
          <template-type-parameter name="Pred"/>
        </template><parameter name="corpus_first"><paramtype>corpusIter</paramtype></parameter><parameter name="corpus_last"><paramtype>corpusIter</paramtype></parameter><parameter name="pat_first"><paramtype>patIter</paramtype></parameter><parameter name="pat_last"><paramtype>patIter</paramtype></parameter><parameter name="p"><paramtype>Pred</paramtype></parameter></function><function name="boyer_moore_horspool_search"><type>corpusIter</type><template>
          <template-type-parameter name="patIter"/>
          <template-type-parameter name="corpusIter"/>
        </template><parameter name="corpus_first"><paramtype>corpusIter</paramtype></parameter><parameter name="corpus_last"><paramtype>corpusIter</paramtype></parameter><parameter name="pat_first"><paramtype>patIter</paramtype></parameter><parameter name="pat_last"><paramtype>patIter</paramtype></parameter></function><function name="knuth_morris_pratt_search"><type>corpusIter</type><template>
          <template-type-parameter name="patIter"/>
          <template-type-parameter name="corpusIter"/>
          <template-type-parameter name="Pred"/>
        </template><parameter name="corpus_first"><paramtype>corpusIter</paramtype></parameter><parameter name="corpus_last"><paramtype>corpusIter</paramtype></parameter><parameter name="pat_first"><paramtype>patIter</paramtype></parameter><parameter name="pat_last"><paramtype>patIter</paramtype></parameter><parameter name="p"><paramtype>Pred</paramtype></parameter></function><function name="knuth_morris_pratt_search"><type>corpusIter</type><template>
          <template-type-parameter name="patIter"/>
          <template-type-parameter name="corpusIter"/>
        </template><parameter name="corpus_first"><paramtype>corpusIter</paramtype><description><para>The start of the data to search (Random Access Iterator) </para></description></parameter><parameter name="corpus_last"><paramtype>corpusIter</paramtype><description><para>One past the end of the data to search </para></description></parameter><parameter name="pat_first"><paramtype>patIter</paramtype><description><para>The start of the pattern to search for (Random Access Iterator) </para></description></parameter><parameter name="pat_last"><paramtype>patIter</paramtype><description><para>One past the end of the data to search for </para></description></parameter><purpose>Searches the corpus for the pattern. </purpose><description><para>
</para></description></function></namespace></namespace><macro name="USE_TR1_MAP"/></header></library-reference>
